<elements>
  <summary>To be added.</summary>
  <remarks>To be added.</remarks>
  <class name="CipherData" fullname="System.Security.Cryptography.Xml.CipherData" assembly="System.Security">
    <summary>To be added.</summary>
    <remarks>To be added.</remarks>
  </class>
  <class name="CipherReference" fullname="System.Security.Cryptography.Xml.CipherReference" assembly="System.Security">
    <summary>To be added.</summary>
    <remarks>To be added.</remarks>
  </class>
  <class name="DataObject" fullname="System.Security.Cryptography.Xml.DataObject" assembly="System.Security">
    <summary>Represent the XMLDSIG Object element.</summary>
    <remarks>The &lt;Object&gt; element is detailled in section 4.5 of the "XML-Signature Syntax and Processing" available at http://www.w3.org/TR/xmldsig-core/</remarks>
  </class>
  <class name="DataReference" fullname="System.Security.Cryptography.Xml.DataReference" assembly="System.Security">
    <summary>To be added.</summary>
    <remarks>To be added.</remarks>
  </class>
  <class name="DSAKeyValue" fullname="System.Security.Cryptography.Xml.DSAKeyValue" assembly="System.Security">
    <summary>Represent the XMLDSIG DSAKeyValue element which contains an XML representation of a DSA public key.</summary>
    <remarks>The &lt;DSAKeyValue&gt; element is detailled in section 4.4.2.1 of the "XML-Signature Syntax and Processing" available at http://www.w3.org/TR/xmldsig-core/</remarks>
  </class>
  <class name="EncryptedData" fullname="System.Security.Cryptography.Xml.EncryptedData" assembly="System.Security">
    <summary>To be added.</summary>
    <remarks>To be added.</remarks>
  </class>
  <class name="EncryptedKey" fullname="System.Security.Cryptography.Xml.EncryptedKey" assembly="System.Security">
    <summary>To be added.</summary>
    <remarks>To be added.</remarks>
  </class>
  <class name="EncryptedReference" fullname="System.Security.Cryptography.Xml.EncryptedReference" assembly="System.Security">
    <summary>To be added.</summary>
    <remarks>To be added.</remarks>
  </class>
  <class name="EncryptedType" fullname="System.Security.Cryptography.Xml.EncryptedType" assembly="System.Security">
    <summary>To be added.</summary>
    <remarks>To be added.</remarks>
  </class>
  <class name="EncryptedXml" fullname="System.Security.Cryptography.Xml.EncryptedXml" assembly="System.Security">
    <summary>To be added.</summary>
    <remarks>To be added.</remarks>
  </class>
  <class name="EncryptionMethod" fullname="System.Security.Cryptography.Xml.EncryptionMethod" assembly="System.Security">
    <summary>To be added.</summary>
    <remarks>To be added.</remarks>
  </class>
  <class name="EncryptionProperty" fullname="System.Security.Cryptography.Xml.EncryptionProperty" assembly="System.Security">
    <summary>To be added.</summary>
    <remarks>To be added.</remarks>
  </class>
  <class name="EncryptionPropertyCollection" fullname="System.Security.Cryptography.Xml.EncryptionPropertyCollection" assembly="System.Security">
    <summary>To be added.</summary>
    <remarks>To be added.</remarks>
  </class>
  <class name="IRelDecryptor" fullname="System.Security.Cryptography.Xml.IRelDecryptor" assembly="System.Security">
    <summary>To be added.</summary>
    <remarks>To be added.</remarks>
  </class>
  <class name="KeyInfo" fullname="System.Security.Cryptography.Xml.KeyInfo" assembly="System.Security">
    <summary>Represent the XMLDSIG KeyInfo element which is a container for all key informations related to the signed document.</summary>
    <remarks>
      <para>The &lt;KeyInfo&gt; element is detailled in section 4.4 of the "XML-Signature Syntax and Processing" available at http://www.w3.org/TR/xmldsig-core/</para>
      <para>This implementation doesn't support the optional &lt;PGPData&gt;, &lt;SPKIData&gt; and &lt;MgmtData&gt; XMLDSIG elements.</para>
    </remarks>
  </class>
  <class name="KeyInfoClause" fullname="System.Security.Cryptography.Xml.KeyInfoClause" assembly="System.Security">
    <summary>Abstract base class for all key informations classes. Key information classes includes:
<list type="bullet"><item><term><see cref="T:System.Security.Cryptography.Xml.KeyInfoName" /></term></item><item><term><see cref="T:System.Security.Cryptography.Xml.KeyInfoNode" /></term></item><item><term><see cref="T:System.Security.Cryptography.Xml.KeyInfoRetrievalMethod" /></term></item><item><term><see cref="T:System.Security.Cryptography.Xml.KeyInfoX509Data" /></term></item><item><term><see cref="T:System.Security.Cryptography.Xml.DSAKeyValue" /></term></item><item><term><see cref="T:System.Security.Cryptography.Xml.RSAKeyValue" /></term></item></list></summary>
    <remarks>To be added</remarks>
  </class>
  <class name="KeyInfoEncryptedKey" fullname="System.Security.Cryptography.Xml.KeyInfoEncryptedKey" assembly="System.Security">
    <summary>To be added.</summary>
    <remarks>To be added.</remarks>
  </class>
  <class name="KeyInfoName" fullname="System.Security.Cryptography.Xml.KeyInfoName" assembly="System.Security">
    <summary>Represent the XMLDSIG KeyName element which identify a key by a name.</summary>
    <remarks>The &lt;KeyName&gt; element is detailled in section 4.4.1 of the "XML-Signature Syntax and Processing" available at http://www.w3.org/TR/xmldsig-core/</remarks>
  </class>
  <class name="KeyInfoNode" fullname="System.Security.Cryptography.Xml.KeyInfoNode" assembly="System.Security">
    <summary>Represent any other XML element that can be found inside the XMLDSIG KeyInfo element.</summary>
    <remarks>This implementation doesn't support the optional &lt;PGPData&gt;, &lt;SPKIData&gt; and &lt;MgmtData&gt; XMLDSIG elements. However any application can use KeyInfoNode to access them in an existing document or to add them to a new document.</remarks>
  </class>
  <class name="KeyInfoRetrievalMethod" fullname="System.Security.Cryptography.Xml.KeyInfoRetrievalMethod" assembly="System.Security">
    <summary>Represent the XMLDSIG RetrievalMethod element which contains an URI to locate a KeyInfo (generally) outside the document.</summary>
    <remarks>The &lt;RetrievalMethod&gt; element is detailled in section 4.4.3 of the "XML-Signature Syntax and Processing" available at http://www.w3.org/TR/xmldsig-core/</remarks>
  </class>
  <class name="KeyInfoX509Data" fullname="System.Security.Cryptography.Xml.KeyInfoX509Data" assembly="System.Security">
    <summary>Represent the XMLDSIG X509Data element which contains an XML representation (partial or complete) of an X.509 certificate.</summary>
    <remarks>The &lt;X509Data&gt; element is detailled in section 4.4.2.1 of the "XML-Signature Syntax and Processing" available at http://www.w3.org/TR/xmldsig-core/</remarks>
  </class>
  <class name="KeyReference" fullname="System.Security.Cryptography.Xml.KeyReference" assembly="System.Security">
    <summary>To be added.</summary>
    <remarks>To be added.</remarks>
  </class>
  <class name="Reference" fullname="System.Security.Cryptography.Xml.Reference" assembly="System.Security">
    <summary>Represent the XMLDSIG Reference element which allows to add signed reference to part of the current document or to external documents.</summary>
    <remarks>The &lt;Reference&gt; element is detailled in section 4.3.3 of the "XML-Signature Syntax and Processing" available at http://www.w3.org/TR/xmldsig-core/</remarks>
  </class>
  <class name="ReferenceList" fullname="System.Security.Cryptography.Xml.ReferenceList" assembly="System.Security">
    <summary>To be added.</summary>
    <remarks>To be added.</remarks>
  </class>
  <class name="RSAKeyValue" fullname="System.Security.Cryptography.Xml.RSAKeyValue" assembly="System.Security">
    <summary>Represent the XMLDSIG DSAKeyValue element which contains an XML representation of a RSA public key.</summary>
    <remarks>The &lt;RSAKeyValue&gt; element is detailled in section 4.4.2.2 of the "XML-Signature Syntax and Processing" available at http://www.w3.org/TR/xmldsig-core/</remarks>
  </class>
  <class name="Signature" fullname="System.Security.Cryptography.Xml.Signature" assembly="System.Security">
    <summary>Represent the XMLDSIG Signature element which contains the signature and keys related informations.</summary>
    <remarks>The &lt;Signature&gt; element is detailled in section 4.1 of the "XML-Signature Syntax and Processing" available at http://www.w3.org/TR/xmldsig-core/</remarks>
  </class>
  <class name="SignedInfo" fullname="System.Security.Cryptography.Xml.SignedInfo" assembly="System.Security">
    <summary>Represent the XMLDSIG SignedInfo element which contains the canonicalization and signature methods used and references.</summary>
    <remarks>The &lt;SignedInfo&gt; element is detailled in section 4.3 of the "XML-Signature Syntax and Processing" available at http://www.w3.org/TR/xmldsig-core/</remarks>
  </class>
  <class name="SignedXml" fullname="System.Security.Cryptography.Xml.SignedXml" assembly="System.Security">
    <summary>Master class to load and verify signed XML document and to generate new XML signatures.</summary>
    <remarks>To be added</remarks>
  </class>
  <class name="Transform" fullname="System.Security.Cryptography.Xml.Transform" assembly="System.Security">
    <summary>Abstract base class for all transformation classes. Transformation classes includes:
<list type="bullet"><item><term><see cref="T:System.Security.Cryptography.Xml.XmlDsigBase64Transform" /></term></item><item><term><see cref="T:System.Security.Cryptography.Xml.XmlDsigC14NTransform" /></term></item><item><term><see cref="T:System.Security.Cryptography.Xml.XmlDsigC14NWithCommentsTransform" /></term></item><item><term><see cref="T:System.Security.Cryptography.Xml.XmlDsigEnvelopedSignatureTransform" /></term></item><item><term><see cref="T:System.Security.Cryptography.Xml.XmlDsigXPathTransform" /></term></item><item><term><see cref="T:System.Security.Cryptography.Xml.XmlDsigXsltTransform" /></term></item></list></summary>
    <remarks>To be added</remarks>
  </class>
  <class name="TransformChain" fullname="System.Security.Cryptography.Xml.TransformChain" assembly="System.Security">
    <summary>Container class for all transform inside a document.</summary>
    <remarks>The &lt;Transforms&gt; element is detailled in section 4.3.3.4 of the "XML-Signature Syntax and Processing" available at http://www.w3.org/TR/xmldsig-core/</remarks>
  </class>
  <class name="X509IssuerSerial" fullname="System.Security.Cryptography.Xml.X509IssuerSerial" assembly="System.Security">
    <summary>To be added.</summary>
    <remarks>To be added.</remarks>
  </class>
  <class name="XmlDecryptionTransform" fullname="System.Security.Cryptography.Xml.XmlDecryptionTransform" assembly="System.Security">
    <summary>To be added.</summary>
    <remarks>To be added.</remarks>
  </class>
  <class name="XmlDsigBase64Transform" fullname="System.Security.Cryptography.Xml.XmlDsigBase64Transform" assembly="System.Security">
    <summary>Transformation to base64.</summary>
    <remarks>This transform represents the base64 transformation detailled in section 6.6.2 of the "XML-Signature Syntax and Processing" available at http://www.w3.org/TR/xmldsig-core/</remarks>
  </class>
  <class name="XmlDsigC14NTransform" fullname="System.Security.Cryptography.Xml.XmlDsigC14NTransform" assembly="System.Security">
    <summary>Transformation to canonicalize an XML document (excluding comments).</summary>
    <remarks>
      <para>This transform represents the REQUIRED Canonical XML transformation detailled in section 6.5.1 of the "XML-Signature Syntax and Processing" available at http://www.w3.org/TR/xmldsig-core/</para>
      <para>The following example take an XML file (document.xml) and display it's C14N representation on the console.
</para>
      <example>
        <code lang="C#">
XmlDocument xml = new XmlDocument ();
// Whitespaces are very important for XML signature!
xml.PreserveWhitespace = true;
xml.Load ("document.xml");

MemoryStream ms = new MemoryStream ();
xml.Save (ms);
ms.Position = 0;

XmlDsigC14NTransform t = XmlDsigC14NTransform ();
t.LoadInput (ms);
StreamReader sr = new StreamReader ((Stream) t.GetOutput (), Encoding.UTF8);
Console.Write (sr.ReadToEnd ());
  </code>
      </example>
    </remarks>
  </class>
  <class name="XmlDsigC14NWithCommentsTransform" fullname="System.Security.Cryptography.Xml.XmlDsigC14NWithCommentsTransform" assembly="System.Security">
    <summary>Transformation to canonicalize an XML document (including comments).</summary>
    <remarks>This transform represents the Canonical XML transformation detailled in section 6.5.1 of the "XML-Signature Syntax and Processing" available at http://www.w3.org/TR/xmldsig-core/</remarks>
  </class>
  <class name="XmlDsigEnvelopedSignatureTransform" fullname="System.Security.Cryptography.Xml.XmlDsigEnvelopedSignatureTransform" assembly="System.Security">
    <summary>Transformation for an enveloped XML document.</summary>
    <remarks>This transform represents the enveloped signature transformation detailled in section 6.6.4 of the "XML-Signature Syntax and Processing" available at http://www.w3.org/TR/xmldsig-core/</remarks>
  </class>
  <class name="XmlDsigExcC14NTransform" fullname="System.Security.Cryptography.Xml.XmlDsigExcC14NTransform" assembly="System.Security">
    <summary>To be added.</summary>
    <remarks>To be added.</remarks>
  </class>
  <class name="XmlDsigExcC14NWithCommentsTransform" fullname="System.Security.Cryptography.Xml.XmlDsigExcC14NWithCommentsTransform" assembly="System.Security">
    <summary>To be added.</summary>
    <remarks>To be added.</remarks>
  </class>
  <class name="XmlDsigXPathTransform" fullname="System.Security.Cryptography.Xml.XmlDsigXPathTransform" assembly="System.Security">
    <summary>Transformation to an XML document using an XPath expression.</summary>
    <remarks>This transform represents the XPath filtering transformation detailled in section 6.6.3 of the "XML-Signature Syntax and Processing" available at http://www.w3.org/TR/xmldsig-core/</remarks>
  </class>
  <class name="XmlDsigXsltTransform" fullname="System.Security.Cryptography.Xml.XmlDsigXsltTransform" assembly="System.Security">
    <summary>Transformation to an XML document using an XSLT document.</summary>
    <remarks>This transform represents the XSLT transformation detailled in section 6.6.5 of the "XML-Signature Syntax and Processing" available at http://www.w3.org/TR/xmldsig-core/</remarks>
  </class>
  <class name="XmlLicenseTransform" fullname="System.Security.Cryptography.Xml.XmlLicenseTransform" assembly="System.Security">
    <summary>To be added.</summary>
    <remarks>To be added.</remarks>
  </class>
</elements>